Title,Location,Price,Link,Image,Info
Furnished 2BHK U2nd f @ Car parking in Chander Vihar for rent,"Chander Vihar, Delhi","₹ 19,500",https://www.olx.in/item/for-rent-houses-apartments-c1723-2-bhk-builder-floors-750-sq-ft-in-chander-vihar-delhi-iid-1818437948,https://apollo.olx.in:443/v1/files/e3u394w5xdiq1-IN/image;s=150x0;q=50;f=webp;,2 BHK - 2 Bathroom - 750 sqft
II DG REAL ESTATE II 2BHK SEMI FURNISHED NEAR METRO,"Ramesh Nagar, Delhi","₹ 32,000",https://www.olx.in/item/for-rent-houses-apartments-c1723-2-bhk-builder-floors-900-sq-ft-in-ramesh-nagar-delhi-iid-1820614161,https://apollo.olx.in:443/v1/files/ovicqcjuwsli2-IN/image;s=150x0;q=50;f=webp;,2 BHK - 2 Bathroom - 900 sqft
Giving on rent,"Kanwar Singh Nagar, Delhi","₹ 7,000",https://www.olx.in/item/for-rent-houses-apartments-c1723-1-bhk-apartments-50-sq-ft-in-kanwar-singh-nagar-delhi-iid-1820720661,https://apollo.olx.in:443/v1/files/5pddza8ipqte2-IN/image;s=150x0;q=50;f=webp;,1 BHK - 2 Bathroom - 50 sqft
2 BHK Fully Furnished Ground Floor for Rent,"Ramesh Nagar, Delhi","₹ 41,999",https://www.olx.in/item/for-rent-houses-apartments-c1723-2-bhk-builder-floors-1001-sq-ft-in-ramesh-nagar-delhi-iid-1814000667,https://apollo.olx.in:443/v1/files/2e90ai4fxv5j1-IN/image;s=150x0;q=50;f=webp;,2 BHK - 2 Bathroom - 1001 sqft
II DHRUV GOHRI II FULLY FURNISHED 2BHK WELL MAINTAINED,"Rajouri Garden, Delhi","₹ 37,000",https://www.olx.in/item/for-rent-houses-apartments-c1723-2-bhk-builder-floors-900-sq-ft-in-rajouri-garden-delhi-iid-1793288751,https://apollo.olx.in:443/v1/files/ohv5rk5ja2zp-IN/image;s=150x0;q=50;f=webp;,2 BHK - 2 Bathroom - 900 sqft
II DG REAL ESTATE II 2BHK UPP GROUND & 1ST FLOOR AVAILABLE FOR RENT,"Ramesh Nagar, Delhi","₹ 34,000",https://www.olx.in/item/for-rent-houses-apartments-c1723-2-bhk-builder-floors-900-sq-ft-in-ramesh-nagar-delhi-iid-1785073223,https://apollo.olx.in:443/v1/files/i5qgfllzokwj3-IN/image;s=150x0;q=50;f=webp;,2 BHK - 2 Bathroom - 900 sqft
“2BHK Room for Rent – Nehal Vihar 110041”,"Uday Vihar, Delhi","₹ 8,000",https://www.olx.in/item/for-rent-houses-apartments-c1723-2-bhk-apartments-594-sq-ft-in-uday-vihar-delhi-iid-1820712043,https://apollo.olx.in:443/v1/files/plnvdvm2fskk2-IN/image;s=150x0;q=50;f=webp;,2 BHK - 1 Bathroom - 594 sqft
Location Kunwar singh nagar Nilothi More ( Nangloi Metro Station),"Nangloi, Delhi","₹ 7,000",https://www.olx.in/item/for-rent-houses-apartments-c1723-1-bhk-builder-floors-1350-sq-ft-in-nangloi-delhi-iid-1820711729,https://apollo.olx.in:443/v1/files/jewf433f2vgx-IN/image;s=150x0;q=50;f=webp;,1 BHK - 1 Bathroom - 1350 sqft
Dda flats shivaji enclave,"Shivaji Enclave, Delhi","₹ 6,500",https://www.olx.in/item/for-rent-houses-apartments-c1723-1-bhk-apartments-50-sq-ft-in-shivaji-enclave-delhi-iid-1819606148,https://apollo.olx.in:443/v1/files/837c5yy4b28l1-IN/image;s=150x0;q=50;f=webp;,1 BHK - 1 Bathroom - 50 sqft
II DHRUV GOHRI REAL ESTATE II 3BHK LIFT / PARKING FURNISED FLOOR,"Ramesh Nagar, Delhi","₹ 45,000",https://www.olx.in/item/for-rent-houses-apartments-c1723-3-bhk-builder-floors-1250-sq-ft-in-ramesh-nagar-delhi-iid-1798030072,https://apollo.olx.in:443/v1/files/27iypin2nrdo3-IN/image;s=150x0;q=50;f=webp;,3 BHK - 3 Bathroom - 1250 sqft
II DHRUV GOHRI II 1BHK LIFT & PARKING BRAND NEW READY TO MOVE,"Ramesh Nagar, Delhi","₹ 22,000",https://www.olx.in/item/for-rent-houses-apartments-c1723-1-bhk-builder-floors-550-sq-ft-in-ramesh-nagar-delhi-iid-1795806235,https://apollo.olx.in:443/v1/files/r6u4gnmavj4h2-IN/image;s=150x0;q=50;f=webp;,1 BHK - 1 Bathroom - 550 sqft
3bhk for rent in ramesh nagar in prime location,"Ramesh Nagar, Delhi","₹ 40,000",https://www.olx.in/item/for-rent-houses-apartments-c1723-3-bhk-builder-floors-1500-sq-ft-in-ramesh-nagar-delhi-iid-1814243508,https://apollo.olx.in:443/v1/files/lohqnnufvtum2-IN/image;s=150x0;q=50;f=webp;,3 BHK - 3 Bathroom - 1500 sqft
3bhk semi furnished in vikaspuri-janakpuri start at 30k nr mkt bank,"Vikaspuri, Delhi","₹ 29,998",https://www.olx.in/item/for-rent-houses-apartments-c1723-3-bhk-apartments-1256-sq-ft-in-vikaspuri-delhi-iid-1805428630,https://apollo.olx.in:443/v1/files/db65hx2j3g8d3-ADVIN/image;s=150x0;q=50;f=webp;,3 BHK - 4 Bathroom - 1256 sqft
3 BHK UPPER FIRST FLOOR READY TO MOVE ONLY SERVICE CLASS FAMILY,"Ramesh Nagar, Delhi","₹ 42,000",https://www.olx.in/item/for-rent-houses-apartments-c1723-3-bhk-builder-floors-1800-sq-ft-in-ramesh-nagar-delhi-iid-1817695615,https://apollo.olx.in:443/v1/files/nhzg4gpxs1nk3-IN/image;s=150x0;q=50;f=webp;,3 BHK - 3 Bathroom - 1800 sqft
3000 triple sharing 4000 double sharing  Furnish room tilak nagar,"Tilak Nagar, Delhi","₹ 3,000",https://www.olx.in/item/for-rent-houses-apartments-c1723-1-bhk-apartments-400-sq-ft-in-tilak-nagar-delhi-iid-1781516167,https://apollo.olx.in:443/v1/files/da8d4ghdvg2s3-IN/image;s=150x0;q=50;f=webp;,1 BHK - 1 Bathroom - 400 sqft
"1 BhK, fully furnished .floor in vikas nagar-59","Nilothi, Delhi","₹ 9,500",https://www.olx.in/item/for-rent-houses-apartments-c1723-1-bhk-apartments-60-sq-ft-in-nilothi-delhi-iid-1818860596,https://apollo.olx.in:443/v1/files/5zgnkszkr5r7-IN/image;s=150x0;q=50;f=webp;,1 BHK - 1 Bathroom - 60 sqft
II DG REAL ESTATE II 2BHK UPP. 2ND FLOOR FURNISHED WITHOUT LIFT,"Ramesh Nagar, Delhi","₹ 35,000",https://www.olx.in/item/for-rent-houses-apartments-c1723-2-bhk-builder-floors-900-sq-ft-in-ramesh-nagar-delhi-iid-1813356004,https://apollo.olx.in:443/v1/files/3s51jzeuzjkt2-IN/image;s=150x0;q=50;f=webp;,2 BHK - 2 Bathroom - 900 sqft
II DHRUV GOHRI II 1BHK SPACIOUS UNFURNISHED FLOOR NEAR METRO /MARKET,"Ramesh Nagar, Delhi","₹ 15,000",https://www.olx.in/item/for-rent-houses-apartments-c1723-1-bhk-builder-floors-450-sq-ft-in-ramesh-nagar-delhi-iid-1813350903,https://apollo.olx.in:443/v1/files/0b4bf7daxoaf1-IN/image;s=150x0;q=50;f=webp;,1 BHK - 1 Bathroom - 450 sqft
1BHK FOR RENT IN SUBHASH NAGAR,"Subhash Nagar, Delhi","₹ 19,000",https://www.olx.in/item/for-rent-houses-apartments-c1723-2-bhk-apartments-600-sq-ft-in-subhash-nagar-delhi-iid-1818659767,https://apollo.olx.in:443/v1/files/nr25l28x9yp31-IN/image;s=150x0;q=50;f=webp;,2 BHK - 1 Bathroom - 600 sqft
Fully Furnished home for rent in Vikaspuri,"Vikaspuri, Delhi","₹ 27,000",https://www.olx.in/item/for-rent-houses-apartments-c1723-2-bhk-builder-floors-756-sq-ft-in-vikaspuri-delhi-iid-1801770496,https://apollo.olx.in:443/v1/files/1vd2xhdaob0e1-ADVIN/image;s=150x0;q=50;f=webp;,2 BHK - 2 Bathroom - 756 sqft
II DG ROOMS II 1BHK FULLY FURNISHED WID ALL BASIC AMENITIES AVAILABLE,"Ramesh Nagar, Delhi","₹ 21,000",https://www.olx.in/item/for-rent-houses-apartments-c1723-1-bhk-builder-floors-450-sq-ft-in-ramesh-nagar-delhi-iid-1819916942,https://apollo.olx.in:443/v1/files/bphr4gpaaiqc1-IN/image;s=150x0;q=50;f=webp;,1 BHK - 1 Bathroom - 450 sqft
II DG REAL ESTATE II 3BHK FULLY FURNISHED LIFT & PARKING RAJOURI GARDN,"Rajouri Garden, Delhi","₹ 65,000",https://www.olx.in/item/for-rent-houses-apartments-c1723-3-bhk-builder-floors-1350-sq-ft-in-rajouri-garden-delhi-iid-1819583768,https://apollo.olx.in:443/v1/files/cz38yjxnptcl2-IN/image;s=150x0;q=50;f=webp;,3 BHK - 3 Bathroom - 1350 sqft
II DG ROOMS II OWNER FREE 1RK FURNISED OPTIONS AVAILABLE,"Ramesh Nagar, Delhi","₹ 18,500",https://www.olx.in/item/for-rent-houses-apartments-c1723-1-bhk-builder-floors-350-sq-ft-in-ramesh-nagar-delhi-iid-1819916500,https://apollo.olx.in:443/v1/files/tmk5b3tx1jys2-IN/image;s=150x0;q=50;f=webp;,1 BHK - 1 Bathroom - 350 sqft
II DG REAL ESTATE II 2BHK RAMESH NAGAR MAIN MARKET 2ND FLOOR FOR RENT,"Ramesh Nagar, Delhi","₹ 25,000",https://www.olx.in/item/for-rent-houses-apartments-c1723-2-bhk-builder-floors-900-sq-ft-in-ramesh-nagar-delhi-iid-1806028501,https://apollo.olx.in:443/v1/files/aqfy35rehvd92-ADVIN/image;s=150x0;q=50;f=webp;,2 BHK - 2 Bathroom - 900 sqft
II DG REAL ESTATE II 2BHK BRAND NEW FLOOR READY TO MOVE PRIME LOCATION,"Ramesh Nagar, Delhi","₹ 35,000",https://www.olx.in/item/for-rent-houses-apartments-c1723-2-bhk-builder-floors-1000-sq-ft-in-ramesh-nagar-delhi-iid-1801866404,https://apollo.olx.in:443/v1/files/3ks9xta35wun3-ADVIN/image;s=150x0;q=50;f=webp;,2 BHK - 2 Bathroom - 1000 sqft
II DHRUV GOHRI II 2BHK THREE SIDE OPEN 1ST FLOOR NEAR RAMESH NGR METRO,"Ramesh Nagar, Delhi","₹ 30,000",https://www.olx.in/item/for-rent-houses-apartments-c1723-2-bhk-builder-floors-900-sq-ft-in-ramesh-nagar-delhi-iid-1801866234,https://apollo.olx.in:443/v1/files/qbffgoo77frl2-ADVIN/image;s=150x0;q=50;f=webp;,2 BHK - 2 Bathroom - 900 sqft
II DG REAL ESTATE II 2BHK 1ST FLOOR 100 METERS AWAY FROM METRO,"Ramesh Nagar, Delhi","₹ 26,000",https://www.olx.in/item/for-rent-houses-apartments-c1723-2-bhk-builder-floors-900-sq-ft-in-ramesh-nagar-delhi-iid-1800158183,https://apollo.olx.in:443/v1/files/b3bzojlgltvi-ADVIN/image;s=150x0;q=50;f=webp;,2 BHK - 2 Bathroom - 900 sqft
II DHRUV GOHRI II 2BHK SEMI FURNISHED 2ND FLOOR READY TO MOVE,"Rajouri Garden, Delhi","₹ 25,000",https://www.olx.in/item/for-rent-houses-apartments-c1723-2-bhk-builder-floors-850-sq-ft-in-rajouri-garden-delhi-iid-1799265923,https://apollo.olx.in:443/v1/files/zz3fca8cqw923-IN/image;s=150x0;q=50;f=webp;,2 BHK - 2 Bathroom - 850 sqft
II DHRUV GOHRI II 2BHK READY TO MOVE WITH SOFA & BED PARK FACING,"Bali Nagar, Delhi","₹ 28,500",https://www.olx.in/item/for-rent-houses-apartments-c1723-2-bhk-builder-floors-900-sq-ft-in-bali-nagar-delhi-iid-1790004594,https://apollo.olx.in:443/v1/files/9jig6q0kulm43-IN/image;s=150x0;q=50;f=webp;,2 BHK - 2 Bathroom - 900 sqft
II DHRUV GOHRI II 2BHK PARK FACING INDEPENDENTS floor,"Ramesh Nagar, Delhi","₹ 22,000",https://www.olx.in/item/for-rent-houses-apartments-c1723-2-bhk-builder-floors-900-sq-ft-in-ramesh-nagar-delhi-iid-1789242823,https://apollo.olx.in:443/v1/files/0leqp2seaepx2-IN/image;s=150x0;q=50;f=webp;,2 BHK - 2 Bathroom - 900 sqft
II DHRUV GOHRI II 3BHK INDEPENDENT UPPER GROUND FLOOR READY TO MOVE,"Ramesh Nagar, Delhi","₹ 45,000",https://www.olx.in/item/for-rent-houses-apartments-c1723-3-bhk-builder-floors-1250-sq-ft-in-ramesh-nagar-delhi-iid-1784735078,https://apollo.olx.in:443/v1/files/x4c9laivlc02-IN/image;s=150x0;q=50;f=webp;,3 BHK - 3 Bathroom - 1250 sqft
2bhk renovated floor in ramesh nagar in good location,"Ramesh Nagar, Delhi","₹ 27,000",https://www.olx.in/item/for-rent-houses-apartments-c1723-2-bhk-builder-floors-1000-sq-ft-in-ramesh-nagar-delhi-iid-1814353704,https://apollo.olx.in:443/v1/files/10m6xogm2ske2-IN/image;s=150x0;q=50;f=webp;,2 BHK - 2 Bathroom - 1000 sqft
II DHRUV GOHRI II BRAND NEW 2BHK UPP. GROUND FLOOR LIFT & PARKING,"Bali Nagar, Delhi","₹ 35,000",https://www.olx.in/item/for-rent-houses-apartments-c1723-2-bhk-builder-floors-900-sq-ft-in-bali-nagar-delhi-iid-1795111317,https://apollo.olx.in:443/v1/files/hvfm8744sip72-IN/image;s=150x0;q=50;f=webp;,2 BHK - 2 Bathroom - 900 sqft
II DHRUV GOHRI II 1BHK FULLY FURNISHED WELL MAINTAINED READY TO MOVE,"Ramesh Nagar, Delhi","₹ 22,000",https://www.olx.in/item/for-rent-houses-apartments-c1723-1-bhk-builder-floors-450-sq-ft-in-ramesh-nagar-delhi-iid-1793293130,https://apollo.olx.in:443/v1/files/kjlfurq91wd12-IN/image;s=150x0;q=50;f=webp;,1 BHK - 1 Bathroom - 450 sqft
50 Gaj Flour for students,"Uday Vihar, Delhi","₹ 8,000",https://www.olx.in/item/for-rent-houses-apartments-c1723-2-bhk-builder-floors-450-sq-ft-in-uday-vihar-delhi-iid-1820700073,https://apollo.olx.in:443/v1/files/ozaaxei3k25f2-IN/image;s=150x0;q=50;f=webp;,2 BHK - 1 Bathroom - 450 sqft
II DG REAL ESTATE II 2BHK LANDLORD FREE READY TO MOVE NEAR METRO,"Ramesh Nagar, Delhi","₹ 26,000",https://www.olx.in/item/for-rent-houses-apartments-c1723-2-bhk-builder-floors-900-sq-ft-in-ramesh-nagar-delhi-iid-1819912698,https://apollo.olx.in:443/v1/files/m57bco8pe8m11-IN/image;s=150x0;q=50;f=webp;,2 BHK - 2 Bathroom - 900 sqft
II DG REAL ESTATE II 2BHK FULLY FURNISHED RADY TO MOVE NEAR METRO,"Ramesh Nagar, Delhi","₹ 39,999",https://www.olx.in/item/for-rent-houses-apartments-c1723-2-bhk-builder-floors-900-sq-ft-in-ramesh-nagar-delhi-iid-1819912566,https://apollo.olx.in:443/v1/files/u8cz2tkcxwis1-IN/image;s=150x0;q=50;f=webp;,2 BHK - 2 Bathroom - 900 sqft
II DG REAL ESTATE II 3BHK BRAND NEW FULLY FURNISHED NEAR BY METRO,"Rajouri Garden, Delhi","₹ 60,000",https://www.olx.in/item/for-rent-houses-apartments-c1723-3-bhk-builder-floors-1250-sq-ft-in-rajouri-garden-delhi-iid-1784476166,https://apollo.olx.in:443/v1/files/y7fg79z5gzfb3-IN/image;s=150x0;q=50;f=webp;,3 BHK - 3 Bathroom - 1250 sqft
kp properties  2bhk for rent,"Ramesh Nagar, Delhi","₹ 35,000",https://www.olx.in/item/for-rent-houses-apartments-c1723-2-bhk-builder-floors-1000-sq-ft-in-ramesh-nagar-delhi-iid-1792228182,https://apollo.olx.in:443/v1/files/7llkahluqvkl1-IN/image;s=150x0;q=50;f=webp;,2 BHK - 2 Bathroom - 1000 sqft
kp properties  1bhk for rent in prime location,"Ramesh Nagar, Delhi","₹ 22,999",https://www.olx.in/item/for-rent-houses-apartments-c1723-1-bhk-builder-floors-450-sq-ft-in-ramesh-nagar-delhi-iid-1796605474,https://apollo.olx.in:443/v1/files/u1k3fn0vxik83-IN/image;s=150x0;q=50;f=webp;,1 BHK - 1 Bathroom - 450 sqft
1bhk for rent in ramesh nagar,"Ramesh Nagar, Delhi","₹ 14,000",https://www.olx.in/item/for-rent-houses-apartments-c1723-1-bhk-builder-floors-450-sq-ft-in-ramesh-nagar-delhi-iid-1793131435,https://apollo.olx.in:443/v1/files/6kthrk2v6w701-IN/image;s=150x0;q=50;f=webp;,1 BHK - 1 Bathroom - 450 sqft
II DG REAL ESTATE II 3BHK SEMI FURNISHED 3RD FLOOR READY TO MOVE IN,"Bali Nagar, Delhi","₹ 50,000",https://www.olx.in/item/for-rent-houses-apartments-c1723-3-bhk-builder-floors-1150-sq-ft-in-bali-nagar-delhi-iid-1819911870,https://apollo.olx.in:443/v1/files/qmg1t9w3amas-IN/image;s=150x0;q=50;f=webp;,3 BHK - 3 Bathroom - 1150 sqft
2bhk for rent in ramesh nagar,"Ramesh Nagar, Delhi","₹ 35,000",https://www.olx.in/item/for-rent-houses-apartments-c1723-2-bhk-builder-floors-1000-sq-ft-in-ramesh-nagar-delhi-iid-1815857470,https://apollo.olx.in:443/v1/files/9byhqo8l5ewa-IN/image;s=150x0;q=50;f=webp;,2 BHK - 2 Bathroom - 1000 sqft
2bhk for rent in ramesh nagar in prime location,"Ramesh Nagar, Delhi","₹ 28,000",https://www.olx.in/item/for-rent-houses-apartments-c1723-2-bhk-builder-floors-1000-sq-ft-in-ramesh-nagar-delhi-iid-1812386444,https://apollo.olx.in:443/v1/files/ie5hxbrlb3ef-IN/image;s=150x0;q=50;f=webp;,2 BHK - 2 Bathroom - 1000 sqft
kp properties  2bhk for rent in prime location,"Subhash Nagar, Delhi","₹ 32,000",https://www.olx.in/item/for-rent-houses-apartments-c1723-2-bhk-builder-floors-1000-sq-ft-in-subhash-nagar-delhi-iid-1792311502,https://apollo.olx.in:443/v1/files/7nfa5wkb681w-IN/image;s=150x0;q=50;f=webp;,2 BHK - 2 Bathroom - 1000 sqft
kp properties  2 bhk unfurnished near by ramesh nagar metro,"Ramesh Nagar, Delhi","₹ 32,000",https://www.olx.in/item/for-rent-houses-apartments-c1723-2-bhk-builder-floors-1000-sq-ft-in-ramesh-nagar-delhi-iid-1764570811,https://apollo.olx.in:443/v1/files/pjigrh1lez472-IN/image;s=150x0;q=50;f=webp;,2 BHK - 2 Bathroom - 1000 sqft
kp properties  Near to ramesh nagar metro station,"Ramesh Nagar, Delhi","₹ 24,000",https://www.olx.in/item/for-rent-houses-apartments-c1723-1-bhk-builder-floors-550-sq-ft-in-ramesh-nagar-delhi-iid-1753983470,https://apollo.olx.in:443/v1/files/m3yhs4q2en9e1-IN/image;s=150x0;q=50;f=webp;,1 BHK - 1 Bathroom - 550 sqft
kp properties  Brand new 2bhk flat for rent near metro,"Ramesh Nagar, Delhi","₹ 32,000",https://www.olx.in/item/for-rent-houses-apartments-c1723-2-bhk-builder-floors-1000-sq-ft-in-ramesh-nagar-delhi-iid-1740848741,https://apollo.olx.in:443/v1/files/g4zpg70a5o203-IN/image;s=150x0;q=50;f=webp;,2 BHK - 2 Bathroom - 1000 sqft
kp properties  Near to ramesh nagar metro station,"Ramesh Nagar, Delhi","₹ 40,000",https://www.olx.in/item/for-rent-houses-apartments-c1723-2-bhk-builder-floors-1000-sq-ft-in-ramesh-nagar-delhi-iid-1740848170,https://apollo.olx.in:443/v1/files/mqpuwigqhom31-IN/image;s=150x0;q=50;f=webp;,2 BHK - 2 Bathroom - 1000 sqft
kp properties  Near to ramesh nagar metro station,"Ramesh Nagar, Delhi","₹ 38,000",https://www.olx.in/item/for-rent-houses-apartments-c1723-2-bhk-builder-floors-1000-sq-ft-in-ramesh-nagar-delhi-iid-1740791238,https://apollo.olx.in:443/v1/files/n5jxnm60zgj52-IN/image;s=150x0;q=50;f=webp;,2 BHK - 2 Bathroom - 1000 sqft
kp properties  Luxury 1bhk flat available for rent in 25k,"Ramesh Nagar, Delhi","₹ 25,000",https://www.olx.in/item/for-rent-houses-apartments-c1723-1-bhk-builder-floors-400-sq-ft-in-ramesh-nagar-delhi-iid-1733730653,https://apollo.olx.in:443/v1/files/n98reaww9ffk-IN/image;s=150x0;q=50;f=webp;,1 BHK - 1 Bathroom - 400 sqft
kp properties  2bhk for rent in ramesh nagar prime location,"Ramesh Nagar, Delhi","₹ 40,000",https://www.olx.in/item/for-rent-houses-apartments-c1723-2-bhk-builder-floors-1000-sq-ft-in-ramesh-nagar-delhi-iid-1795235882,https://apollo.olx.in:443/v1/files/hr2977g1lvd31-IN/image;s=150x0;q=50;f=webp;,2 BHK - 2 Bathroom - 1000 sqft
kp properties  2bhk for rent in ramesh nagar in prime location,"Ramesh Nagar, Delhi","₹ 34,999",https://www.olx.in/item/for-rent-houses-apartments-c1723-2-bhk-builder-floors-1000-sq-ft-in-ramesh-nagar-delhi-iid-1792402727,https://apollo.olx.in:443/v1/files/o7bxbosmf4621-IN/image;s=150x0;q=50;f=webp;,2 BHK - 2 Bathroom - 1000 sqft
kp properties  1bhk for rent in ramesh nagar,"Ramesh Nagar, Delhi","₹ 23,000",https://www.olx.in/item/for-rent-houses-apartments-c1723-1-bhk-builder-floors-450-sq-ft-in-ramesh-nagar-delhi-iid-1792247087,https://apollo.olx.in:443/v1/files/zofkjm5wp3d12-IN/image;s=150x0;q=50;f=webp;,1 BHK - 1 Bathroom - 450 sqft
kp properties  2bhk for rent near to metro station,"Ramesh Nagar, Delhi","₹ 32,000",https://www.olx.in/item/for-rent-houses-apartments-c1723-2-bhk-builder-floors-1000-sq-ft-in-ramesh-nagar-delhi-iid-1792228913,https://apollo.olx.in:443/v1/files/dy08yaic07qc3-IN/image;s=150x0;q=50;f=webp;,2 BHK - 2 Bathroom - 1000 sqft
2bhk for rent in kirti nagar,"Ramesh Nagar, Delhi","₹ 34,999",https://www.olx.in/item/for-rent-houses-apartments-c1723-2-bhk-builder-floors-1000-sq-ft-in-ramesh-nagar-delhi-iid-1787337824,https://apollo.olx.in:443/v1/files/p8pn91i0u3xe3-IN/image;s=150x0;q=50;f=webp;,2 BHK - 2 Bathroom - 1000 sqft
2bhk for rent in ramesh nagar near metro,"Ramesh Nagar, Delhi","₹ 35,000",https://www.olx.in/item/for-rent-houses-apartments-c1723-2-bhk-builder-floors-1000-sq-ft-in-ramesh-nagar-delhi-iid-1770269842,https://apollo.olx.in:443/v1/files/wgzaom62ywfj3-IN/image;s=150x0;q=50;f=webp;,2 BHK - 2 Bathroom - 1000 sqft
kp properties  2bhk for rent in ramesh nagar,"Ramesh Nagar, Delhi","₹ 40,000",https://www.olx.in/item/for-rent-houses-apartments-c1723-2-bhk-builder-floors-1000-sq-ft-in-ramesh-nagar-delhi-iid-1769419306,https://apollo.olx.in:443/v1/files/ozsx2et7pcyx1-IN/image;s=150x0;q=50;f=webp;,2 BHK - 2 Bathroom - 1000 sqft
kp properties  2bhk for rent in ramesh nagar,"Ramesh Nagar, Delhi","₹ 33,999",https://www.olx.in/item/for-rent-houses-apartments-c1723-2-bhk-builder-floors-1000-sq-ft-in-ramesh-nagar-delhi-iid-1769097122,https://apollo.olx.in:443/v1/files/k9cr4ql51rsd2-IN/image;s=150x0;q=50;f=webp;,2 BHK - 2 Bathroom - 1000 sqft
II DG REAL ESTATE II 2BHK NEAT & CLEAN SPACIOUS GROUND FLOOR AVAILABLE,"Ramesh Nagar, Delhi","₹ 24,999",https://www.olx.in/item/for-rent-houses-apartments-c1723-2-bhk-builder-floors-900-sq-ft-in-ramesh-nagar-delhi-iid-1783339750,https://apollo.olx.in:443/v1/files/culijoutmuuk2-IN/image;s=150x0;q=50;f=webp;,2 BHK - 2 Bathroom - 900 sqft
II DG REAL ESTATE II 3BHK BRAND NEW LIFT & PARKING TOP FLOOR,"Ramesh Nagar, Delhi","₹ 45,000",https://www.olx.in/item/for-rent-houses-apartments-c1723-3-bhk-builder-floors-1250-sq-ft-in-ramesh-nagar-delhi-iid-1782456293,https://apollo.olx.in:443/v1/files/vuxwxy0fkp6q2-IN/image;s=150x0;q=50;f=webp;,3 BHK - 3 Bathroom - 1250 sqft
II DHRUV GOHRI II 2BHK SEMI FURNISHED NEAR BY MARKET / METRO,"Ramesh Nagar, Delhi","₹ 27,000",https://www.olx.in/item/for-rent-houses-apartments-c1723-2-bhk-builder-floors-900-sq-ft-in-ramesh-nagar-delhi-iid-1779545982,https://apollo.olx.in:443/v1/files/5pshit5p7ug23-IN/image;s=150x0;q=50;f=webp;,2 BHK - 2 Bathroom - 900 sqft
II DHRUV GOHRI II 1BHK LIFT & PARKING FURNISHED 25k UNFURNISHED 20K,"Ramesh Nagar, Delhi","₹ 20,000",https://www.olx.in/item/for-rent-houses-apartments-c1723-1-bhk-builder-floors-450-sq-ft-in-ramesh-nagar-delhi-iid-1812034320,https://apollo.olx.in:443/v1/files/sgyvvz58f3tu1-IN/image;s=150x0;q=50;f=webp;,1 BHK - 1 Bathroom - 450 sqft
II DHRUV GOHRI II 3BHK LANDLORD FREE L & P UPP. 1ST FLOOR PARK FACING,"Ramesh Nagar, Delhi","₹ 45,000",https://www.olx.in/item/for-rent-houses-apartments-c1723-3-bhk-builder-floors-1250-sq-ft-in-ramesh-nagar-delhi-iid-1783338716,https://apollo.olx.in:443/v1/files/viz6vsi0aop6-IN/image;s=150x0;q=50;f=webp;,3 BHK - 3 Bathroom - 1250 sqft
kp properties  2bhk for rent in ramesh nagar in prime location,"Ramesh Nagar, Delhi","₹ 35,000",https://www.olx.in/item/for-rent-houses-apartments-c1723-2-bhk-builder-floors-1000-sq-ft-in-ramesh-nagar-delhi-iid-1803434357,https://apollo.olx.in:443/v1/files/q4dx7ybkllvl1-ADVIN/image;s=150x0;q=50;f=webp;,2 BHK - 2 Bathroom - 1000 sqft
1bhk for rent in ramesh nagar in prime location,"Ramesh Nagar, Delhi","₹ 27,000",https://www.olx.in/item/for-rent-houses-apartments-c1723-1-bhk-builder-floors-450-sq-ft-in-ramesh-nagar-delhi-iid-1817795783,https://apollo.olx.in:443/v1/files/bcr42px2jmiv-IN/image;s=150x0;q=50;f=webp;,1 BHK - 1 Bathroom - 450 sqft
1bhk for rent in ramesh nagar in prime locations,"Ramesh Nagar, Delhi","₹ 25,000",https://www.olx.in/item/for-rent-houses-apartments-c1723-1-bhk-builder-floors-450-sq-ft-in-ramesh-nagar-delhi-iid-1813933296,https://apollo.olx.in:443/v1/files/sb66g6ypudcj1-IN/image;s=150x0;q=50;f=webp;,1 BHK - 1 Bathroom - 450 sqft
1bhk fully furnished for rent in prime location,"Ramesh Nagar, Delhi","₹ 26,000",https://www.olx.in/item/for-rent-houses-apartments-c1723-1-bhk-builder-floors-450-sq-ft-in-ramesh-nagar-delhi-iid-1813792250,https://apollo.olx.in:443/v1/files/jau8y6fryn7m-IN/image;s=150x0;q=50;f=webp;,1 BHK - 1 Bathroom - 450 sqft
1bhk fully furnished  for rent in ramesh nagar in prime location,"Ramesh Nagar, Delhi","₹ 26,000",https://www.olx.in/item/for-rent-houses-apartments-c1723-1-bhk-builder-floors-450-sq-ft-in-ramesh-nagar-delhi-iid-1810392333,https://apollo.olx.in:443/v1/files/p4oyxl6bhtq83-IN/image;s=150x0;q=50;f=webp;,1 BHK - 1 Bathroom - 450 sqft
Brand new 2bhk for rent in ramesh nagar in prime location,"Ramesh Nagar, Delhi","₹ 32,000",https://www.olx.in/item/for-rent-houses-apartments-c1723-2-bhk-builder-floors-1000-sq-ft-in-ramesh-nagar-delhi-iid-1810097951,https://apollo.olx.in:443/v1/files/6356sj9img9t-IN/image;s=150x0;q=50;f=webp;,2 BHK - 2 Bathroom - 1000 sqft
kp properties  Brand new 2bhk for rent in ramesh nagar,"Ramesh Nagar, Delhi","₹ 40,000",https://www.olx.in/item/for-rent-houses-apartments-c1723-2-bhk-builder-floors-1000-sq-ft-in-ramesh-nagar-delhi-iid-1804329128,https://apollo.olx.in:443/v1/files/be1by0jcj1281-ADVIN/image;s=150x0;q=50;f=webp;,2 BHK - 2 Bathroom - 1000 sqft
II DHRUV GOHRI REAL ESTATE II 2BHK FURNISHED LIFT & PARKING,"Ramesh Nagar, Delhi","₹ 45,000",https://www.olx.in/item/for-rent-houses-apartments-c1723-2-bhk-builder-floors-900-sq-ft-in-ramesh-nagar-delhi-iid-1812422431,https://apollo.olx.in:443/v1/files/xhzg742rv9pi-IN/image;s=150x0;q=50;f=webp;,2 BHK - 2 Bathroom - 900 sqft
II DG REAL ESTATE II 2BHK GROUND FLOOR NEWLY RENOVATED 40K,"Ramesh Nagar, Delhi","₹ 40,000",https://www.olx.in/item/for-rent-houses-apartments-c1723-2-bhk-builder-floors-900-sq-ft-in-ramesh-nagar-delhi-iid-1812421705,https://apollo.olx.in:443/v1/files/flev1n65cbq-IN/image;s=150x0;q=50;f=webp;,2 BHK - 2 Bathroom - 900 sqft
II DHRUV GOHRI II 2BHK SPACIOUS 1ST FLOOR WITH LIFT /PARKING,"Ramesh Nagar, Delhi","₹ 36,000",https://www.olx.in/item/for-rent-houses-apartments-c1723-2-bhk-builder-floors-1150-sq-ft-in-ramesh-nagar-delhi-iid-1793292356,https://apollo.olx.in:443/v1/files/gbucu039nmlq1-IN/image;s=150x0;q=50;f=webp;,2 BHK - 2 Bathroom - 1150 sqft
II DHRUV GOHRI II LUXURIOUS 3BHK LIFT & PARKING READY TO MOVE,"Rajouri Garden, Delhi","₹ 85,000",https://www.olx.in/item/for-rent-houses-apartments-c1723-3-bhk-builder-floors-1800-sq-ft-in-rajouri-garden-delhi-iid-1793290253,https://apollo.olx.in:443/v1/files/00532f4sni022-IN/image;s=150x0;q=50;f=webp;,3 BHK - 3 Bathroom - 1800 sqft
II DHRUV GOHRI II 2BHK SEMI FURNISHED LIFT / PARKING PRIME LOCATION,"Ramesh Nagar, Delhi","₹ 33,000",https://www.olx.in/item/for-rent-houses-apartments-c1723-2-bhk-builder-floors-900-sq-ft-in-ramesh-nagar-delhi-iid-1793288194,https://apollo.olx.in:443/v1/files/wj4bi3r61ksv1-IN/image;s=150x0;q=50;f=webp;,2 BHK - 2 Bathroom - 900 sqft
II DHRUV GOHRI II 1BHK FULLY FURNISHED GROUND FLOOR READY TO MOVE,"Ramesh Nagar, Delhi","₹ 20,000",https://www.olx.in/item/for-rent-houses-apartments-c1723-1-bhk-apartments-550-sq-ft-in-ramesh-nagar-delhi-iid-1789180907,https://apollo.olx.in:443/v1/files/wghvhtkqb78a-IN/image;s=150x0;q=50;f=webp;,1 BHK - 1 Bathroom - 550 sqft
II DG REAL ESTATE II BRAND NEW 2BHK LIFT / PARKING READY TO MOVE,"Ramesh Nagar, Delhi","₹ 36,000",https://www.olx.in/item/for-rent-houses-apartments-c1723-2-bhk-builder-floors-900-sq-ft-in-ramesh-nagar-delhi-iid-1789179896,https://apollo.olx.in:443/v1/files/mij254yb3r441-IN/image;s=150x0;q=50;f=webp;,2 BHK - 2 Bathroom - 900 sqft
II DG REAL ESTATE II 2BHK INDEPENDENT UPP GROUND FLOOR WITH PARKING,"Ramesh Nagar, Delhi","₹ 28,000",https://www.olx.in/item/for-rent-houses-apartments-c1723-2-bhk-builder-floors-900-sq-ft-in-ramesh-nagar-delhi-iid-1784278815,https://apollo.olx.in:443/v1/files/ezd9ufvcv39h2-IN/image;s=150x0;q=50;f=webp;,2 BHK - 2 Bathroom - 900 sqft
II DHRUV GOHRI II 1BHK FURNISHED FLOOR / More options available,"Ramesh Nagar, Delhi","₹ 22,000",https://www.olx.in/item/for-rent-houses-apartments-c1723-1-bhk-builder-floors-450-sq-ft-in-ramesh-nagar-delhi-iid-1780379281,https://apollo.olx.in:443/v1/files/maj0r75vx7vi3-IN/image;s=150x0;q=50;f=webp;,1 BHK - 1 Bathroom - 450 sqft
"II DHRUV GOHRI II 2BHK LIFT/PARKING 1,2,3RD FLOOR 32k Each Negotiable","Ramesh Nagar, Delhi","₹ 32,000",https://www.olx.in/item/for-rent-houses-apartments-c1723-2-bhk-builder-floors-900-sq-ft-in-ramesh-nagar-delhi-iid-1780378255,https://apollo.olx.in:443/v1/files/y9avboqxarhy-IN/image;s=150x0;q=50;f=webp;,2 BHK - 2 Bathroom - 900 sqft
2bhk for rent in ramesh nagar in prime location,"Ramesh Nagar, Delhi","₹ 35,000",https://www.olx.in/item/for-rent-houses-apartments-c1723-2-bhk-builder-floors-1000-sq-ft-in-ramesh-nagar-delhi-iid-1817795321,https://apollo.olx.in:443/v1/files/uaw9k3h2xtta3-IN/image;s=150x0;q=50;f=webp;,2 BHK - 2 Bathroom - 1000 sqft
II DG REAL ESTATE II 2BHK 30K LIFT PARKING READY TO MOVE RAMESH NAGAR,"Ramesh Nagar, Delhi","₹ 30,000",https://www.olx.in/item/for-rent-houses-apartments-c1723-2-bhk-builder-floors-900-sq-ft-in-ramesh-nagar-delhi-iid-1819358848,https://apollo.olx.in:443/v1/files/r4se5d7yjogf-IN/image;s=150x0;q=50;f=webp;,2 BHK - 2 Bathroom - 900 sqft
II DHRUV GOHRI II 3BHK LIFT & PARKING SEMI FURNISHED 2ND FLOOR,"Ramesh Nagar, Delhi","₹ 45,000",https://www.olx.in/item/for-rent-houses-apartments-c1723-3-bhk-builder-floors-1150-sq-ft-in-ramesh-nagar-delhi-iid-1799268655,https://apollo.olx.in:443/v1/files/pm047plwn3sr2-ADVIN/image;s=150x0;q=50;f=webp;,3 BHK - 3 Bathroom - 1150 sqft
II DHRUV GOHRI II 2BHK LIFT PARKING PARK FACING UPP. 1ST FLOOR,"Ramesh Nagar, Delhi","₹ 35,000",https://www.olx.in/item/for-rent-houses-apartments-c1723-2-bhk-builder-floors-900-sq-ft-in-ramesh-nagar-delhi-iid-1799267993,https://apollo.olx.in:443/v1/files/clkv1h1nozeq1-IN/image;s=150x0;q=50;f=webp;,2 BHK - 2 Bathroom - 900 sqft
II DHRUV GOHRI II 1BHK FURNISHED READY TO MOVE PRIME LOCATION,"Ramesh Nagar, Delhi","₹ 22,000",https://www.olx.in/item/for-rent-houses-apartments-c1723-1-bhk-builder-floors-450-sq-ft-in-ramesh-nagar-delhi-iid-1799266572,https://apollo.olx.in:443/v1/files/8qh9xraa6zzw-ADVIN/image;s=150x0;q=50;f=webp;,1 BHK - 1 Bathroom - 450 sqft
II DHRUV GOHRI II 2BHK READY TO MOVE PRIME LOCATION 2ND FLOOR,"Raja Garden, Delhi","₹ 29,000",https://www.olx.in/item/for-rent-houses-apartments-c1723-2-bhk-builder-floors-900-sq-ft-in-raja-garden-delhi-iid-1795448792,https://apollo.olx.in:443/v1/files/k7k6euaz7ybd2-IN/image;s=150x0;q=50;f=webp;,2 BHK - 2 Bathroom - 900 sqft
II DHRUV GOHRI II 1RK FURNISHED READY TO MOVE 3RD FLOOR,"Ramesh Nagar, Delhi","₹ 18,000",https://www.olx.in/item/for-rent-houses-apartments-c1723-1-bhk-builder-floors-450-sq-ft-in-ramesh-nagar-delhi-iid-1795200652,https://apollo.olx.in:443/v1/files/pkop5dhxickk2-IN/image;s=150x0;q=50;f=webp;,1 BHK - 1 Bathroom - 450 sqft
II DHRUV GOHRI II FULLY FURNISHED LIFT & PARKING 2BHK UPP. 1ST FLOOR,"Ramesh Nagar, Delhi","₹ 45,000",https://www.olx.in/item/for-rent-houses-apartments-c1723-2-bhk-builder-floors-900-sq-ft-in-ramesh-nagar-delhi-iid-1793287733,https://apollo.olx.in:443/v1/files/awbhthi9fldj2-IN/image;s=150x0;q=50;f=webp;,2 BHK - 2 Bathroom - 900 sqft
II DHRUV GOHRI II 2BHK FULLY FURNISHED UPP. GROUND FLOOR READY TO MOVE,"Ramesh Nagar, Delhi","₹ 37,000",https://www.olx.in/item/for-rent-houses-apartments-c1723-2-bhk-builder-floors-900-sq-ft-in-ramesh-nagar-delhi-iid-1794162014,https://apollo.olx.in:443/v1/files/htc9nez8g6em3-IN/image;s=150x0;q=50;f=webp;,2 BHK - 2 Bathroom - 900 sqft
II DHRUV GOHRI II ULTRA LUXURIOUS 3BHK FULLY FURNISHED READY TO MOVE,"Rajouri Garden, Delhi","₹ 65,000",https://www.olx.in/item/for-rent-houses-apartments-c1723-3-bhk-builder-floors-1800-sq-ft-in-rajouri-garden-delhi-iid-1811151061,https://apollo.olx.in:443/v1/files/51ftxve7wmvc-IN/image;s=150x0;q=50;f=webp;,3 BHK - 3 Bathroom - 1800 sqft
2bhk for rent in ramesh nagar in prime location,"Ramesh Nagar, Delhi","₹ 26,000",https://www.olx.in/item/for-rent-houses-apartments-c1723-2-bhk-builder-floors-1000-sq-ft-in-ramesh-nagar-delhi-iid-1817794004,https://apollo.olx.in:443/v1/files/i549h3v4v8sc1-IN/image;s=150x0;q=50;f=webp;,2 BHK - 2 Bathroom - 1000 sqft
II DG REAL ESTATE II 3BHK UNFURNISHED 2ND FLOOR FOR RENT,"Ramesh Nagar, Delhi","₹ 37,000",https://www.olx.in/item/for-rent-houses-apartments-c1723-3-bhk-builder-floors-1250-sq-ft-in-ramesh-nagar-delhi-iid-1820360385,https://apollo.olx.in:443/v1/files/bb22fdep4iiw-IN/image;s=150x0;q=50;f=webp;,3 BHK - 3 Bathroom - 1250 sqft
II DG REAL ESTATE II 4BHK LIFT & PARKING FURNISHED WITH 2 CAR PARKING,"Raja Garden, Delhi","₹ 70,000",https://www.olx.in/item/for-rent-houses-apartments-c1723-4-bhk-builder-floors-1800-sq-ft-in-raja-garden-delhi-iid-1820359987,https://apollo.olx.in:443/v1/files/g7jnpz7p5rcy1-IN/image;s=150x0;q=50;f=webp;,4 BHK - 3 Bathroom - 1800 sqft
II DG REAL ESTATE II 2BHK LIFT / PARKING UPP. GROUND FLOOR AVAILABLE,"Ramesh Nagar, Delhi","₹ 31,000",https://www.olx.in/item/for-rent-houses-apartments-c1723-2-bhk-builder-floors-900-sq-ft-in-ramesh-nagar-delhi-iid-1804032304,https://apollo.olx.in:443/v1/files/5x5fo4mp3bcy2-ADVIN/image;s=150x0;q=50;f=webp;,2 BHK - 2 Bathroom - 900 sqft
II DHRUV GOHRI REAL ESTATE II 3BHK READY TO MOVE GROUND FLOOR 50K RENT,"Ramesh Nagar, Delhi","₹ 50,000",https://www.olx.in/item/for-rent-houses-apartments-c1723-3-bhk-builder-floors-1350-sq-ft-in-ramesh-nagar-delhi-iid-1810871252,https://apollo.olx.in:443/v1/files/7kx5ts2s3axp3-IN/image;s=150x0;q=50;f=webp;,3 BHK - 3 Bathroom - 1350 sqft
II DG REAL ESTATE II 3BHK PRIME LOCATION NEAR METRO 45K RENT,"Bali Nagar, Delhi","₹ 45,000",https://www.olx.in/item/for-rent-houses-apartments-c1723-3-bhk-builder-floors-1250-sq-ft-in-bali-nagar-delhi-iid-1810870936,https://apollo.olx.in:443/v1/files/c0cq3njnfsyz1-IN/image;s=150x0;q=50;f=webp;,3 BHK - 3 Bathroom - 1250 sqft
II DHRUV GOHRI II PLAY SCHOOL SPACE AVAILABLE FOR RENT,"Ramesh Nagar, Delhi","₹ 40,000",https://www.olx.in/item/for-rent-houses-apartments-c1723-3-bhk-builder-floors-1350-sq-ft-in-ramesh-nagar-delhi-iid-1806457856,https://apollo.olx.in:443/v1/files/xf73isq2z7x5-IN/image;s=150x0;q=50;f=webp;,3 BHK - 3 Bathroom - 1350 sqft
II DHRUV GOHRI II 2BHK FURNISHED FLOORS NEAR METRO / MARKET,"Ramesh Nagar, Delhi","₹ 37,000",https://www.olx.in/item/for-rent-houses-apartments-c1723-2-bhk-builder-floors-900-sq-ft-in-ramesh-nagar-delhi-iid-1802174755,https://apollo.olx.in:443/v1/files/qx49sbu0qwq4-ADVIN/image;s=150x0;q=50;f=webp;,2 BHK - 2 Bathroom - 900 sqft
II DHRUV GOHRI II 2BHK LIFT & PARKING UPP. 1ST FLOOR 70 SQ YD,"Ramesh Nagar, Delhi","₹ 24,000",https://www.olx.in/item/for-rent-houses-apartments-c1723-2-bhk-builder-floors-650-sq-ft-in-ramesh-nagar-delhi-iid-1813750762,https://apollo.olx.in:443/v1/files/nm06w4ahkxk2-IN/image;s=150x0;q=50;f=webp;,2 BHK - 2 Bathroom - 650 sqft
II DG REAL ESTATE II 2BHK FURNISED 2ND FLOOR READY TOMOVE,"Ramesh Nagar, Delhi","₹ 30,000",https://www.olx.in/item/for-rent-houses-apartments-c1723-2-bhk-builder-floors-1000-sq-ft-in-ramesh-nagar-delhi-iid-1802132166,https://apollo.olx.in:443/v1/files/67uxm1jlnxfm-ADVIN/image;s=150x0;q=50;f=webp;,2 BHK - 2 Bathroom - 1000 sqft
II DG REAL ESTATE II 2BHK UPP. FIRST FLOOR LIFT / PARKING,"Ramesh Nagar, Delhi","₹ 33,000",https://www.olx.in/item/for-rent-houses-apartments-c1723-2-bhk-builder-floors-900-sq-ft-in-ramesh-nagar-delhi-iid-1802131446,https://apollo.olx.in:443/v1/files/hzoug3wdf9y11-ADVIN/image;s=150x0;q=50;f=webp;,2 BHK - 2 Bathroom - 900 sqft
II DG REAL ESTATE II 1RK TOP FLOOR FURNISHED WITH LIFT/PARKING,"Ramesh Nagar, Delhi","₹ 21,000",https://www.olx.in/item/for-rent-houses-apartments-c1723-1-bhk-builder-floors-350-sq-ft-in-ramesh-nagar-delhi-iid-1802116695,https://apollo.olx.in:443/v1/files/iqm9ozfpu0gm3-ADVIN/image;s=150x0;q=50;f=webp;,1 BHK - 1 Bathroom - 350 sqft
II DHRUV GOHRI II 3BHK FULLY FURNISHED UPP. 2ND FLOOR RAMESH NAGAR,"Rajouri Garden, Delhi","₹ 50,000",https://www.olx.in/item/for-rent-houses-apartments-c1723-3-bhk-builder-floors-1150-sq-ft-in-rajouri-garden-delhi-iid-1799271000,https://apollo.olx.in:443/v1/files/l9jp4yw4d7gp-ADVIN/image;s=150x0;q=50;f=webp;,3 BHK - 3 Bathroom - 1150 sqft
II DHRUV GOHRI II 1RK BRAND NEW FULLY FURNISHED TOP FLOOR,"Ramesh Nagar, Delhi","₹ 18,000",https://www.olx.in/item/for-rent-houses-apartments-c1723-1-bhk-builder-floors-350-sq-ft-in-ramesh-nagar-delhi-iid-1795712825,https://apollo.olx.in:443/v1/files/sc4to11vre523-IN/image;s=150x0;q=50;f=webp;,1 BHK - 1 Bathroom - 350 sqft
II DG ROOMS II 1BHK OLD CONSTRUCTION MAINTAINED FLOOR READY TO MOVE,"Ramesh Nagar, Delhi","₹ 13,000",https://www.olx.in/item/for-rent-houses-apartments-c1723-1-bhk-builder-floors-350-sq-ft-in-ramesh-nagar-delhi-iid-1819899153,https://apollo.olx.in:443/v1/files/fktd7t19qjnq3-IN/image;s=150x0;q=50;f=webp;,1 BHK - 1 Bathroom - 350 sqft
II DG REAL ESTATE II 2BHK LANDLORD FREE FURNISHED FLOOR READY TO MOVE,"Rajouri Garden, Delhi","₹ 40,000",https://www.olx.in/item/for-rent-houses-apartments-c1723-2-bhk-builder-floors-900-sq-ft-in-rajouri-garden-delhi-iid-1819898449,https://apollo.olx.in:443/v1/files/24uitdqlbnhu3-IN/image;s=150x0;q=50;f=webp;,2 BHK - 2 Bathroom - 900 sqft
II DG REAL ESTATE II 3BHK SEMI FURNISHED READY TO MOVE IN PROPERTY,"Rajouri Garden, Delhi","₹ 60,000",https://www.olx.in/item/for-rent-houses-apartments-c1723-3-bhk-builder-floors-900-sq-ft-in-rajouri-garden-delhi-iid-1819898097,https://apollo.olx.in:443/v1/files/el6o1wguqyl52-IN/image;s=150x0;q=50;f=webp;,3 BHK - 3 Bathroom - 900 sqft
II DG REAL ESTATE II 2BHK FULLY INDEPENDENT LIFT / PARKING,"Ramesh Nagar, Delhi","₹ 35,000",https://www.olx.in/item/for-rent-houses-apartments-c1723-2-bhk-builder-floors-900-sq-ft-in-ramesh-nagar-delhi-iid-1819892533,https://apollo.olx.in:443/v1/files/4wlchr8x681p2-IN/image;s=150x0;q=50;f=webp;,2 BHK - 2 Bathroom - 900 sqft
Room sharing metro near,"Peera Garhi, Delhi","₹ 3,500",https://www.olx.in/item/for-rent-houses-apartments-c1723-1-bhk-houses-villas-25-sq-ft-in-peera-garhi-delhi-iid-1820139648,https://apollo.olx.in:443/v1/files/g7s5w3jxis952-IN/image;s=150x0;q=50;f=webp;,1 BHK - 1 Bathroom - 25 sqft
II DG REAL ESTATE II 1BHK INDEPENDENT FLOOR FULLY FURNISHED NEAR METRO,"Rajouri Garden, Delhi","₹ 25,000",https://www.olx.in/item/for-rent-houses-apartments-c1723-1-bhk-builder-floors-450-sq-ft-in-rajouri-garden-delhi-iid-1819891434,https://apollo.olx.in:443/v1/files/fdhbw93oe65q3-IN/image;s=150x0;q=50;f=webp;,1 BHK - 1 Bathroom - 450 sqft
3bhk fully furnished for rent in ramesh nagar in 50k,"Ramesh Nagar, Delhi","₹ 50,000",https://www.olx.in/item/for-rent-houses-apartments-c1723-3-bhk-builder-floors-1500-sq-ft-in-ramesh-nagar-delhi-iid-1810390880,https://apollo.olx.in:443/v1/files/1q9868a9srn13-IN/image;s=150x0;q=50;f=webp;,3 BHK - 3 Bathroom - 1500 sqft
II DG REAL ESTATE II 1BHK FULLY FURNISHED BRAND NEW GROUND FLOOR,"Ramesh Nagar, Delhi","₹ 22,000",https://www.olx.in/item/for-rent-houses-apartments-c1723-1-bhk-builder-floors-450-sq-ft-in-ramesh-nagar-delhi-iid-1797799616,https://apollo.olx.in:443/v1/files/t5jh7jhub1xp1-IN/image;s=150x0;q=50;f=webp;,1 BHK - 1 Bathroom - 450 sqft
II DG REAL ESTATE II 2BHK UNFURNISHED 3RD FLOOR READY TO MOVE,"Ramesh Nagar, Delhi","₹ 25,000",https://www.olx.in/item/for-rent-houses-apartments-c1723-2-bhk-builder-floors-900-sq-ft-in-ramesh-nagar-delhi-iid-1793956252,https://apollo.olx.in:443/v1/files/5o1r9nlhkl8n1-IN/image;s=150x0;q=50;f=webp;,2 BHK - 2 Bathroom - 900 sqft
II DG REAL ESTATE II LUXURIOUS 2BHK FULLY FURNISED GROUND FLOOR,"Rajouri Garden, Delhi","₹ 35,000",https://www.olx.in/item/for-rent-houses-apartments-c1723-2-bhk-builder-floors-900-sq-ft-in-rajouri-garden-delhi-iid-1784309619,https://apollo.olx.in:443/v1/files/qb7tktfyin633-IN/image;s=150x0;q=50;f=webp;,2 BHK - 2 Bathroom - 900 sqft
II DHRUV GOHRI II 2BHK WITH & W/O LIFT/PARKING ALL FLOORS AVAILABLE,"Ramesh Nagar, Delhi","₹ 30,000",https://www.olx.in/item/for-rent-houses-apartments-c1723-2-bhk-builder-floors-900-sq-ft-in-ramesh-nagar-delhi-iid-1782163053,https://apollo.olx.in:443/v1/files/1l1mmkye3k2v-IN/image;s=150x0;q=50;f=webp;,2 BHK - 2 Bathroom - 900 sqft
II DHRUV GOHRI II 3BHK UPP. GROUND II 2ND II 3RD FLOOR LIFT & PARKING,"Ramesh Nagar, Delhi","₹ 38,000",https://www.olx.in/item/for-rent-houses-apartments-c1723-3-bhk-builder-floors-1350-sq-ft-in-ramesh-nagar-delhi-iid-1799573907,https://apollo.olx.in:443/v1/files/taehfwmh7n151-IN/image;s=150x0;q=50;f=webp;,3 BHK - 3 Bathroom - 1350 sqft
II DHRUV GOHRI II 2BHK FURNISHED FLOORS AVAILABLE NEAR RAMESH NAGAR,"Ramesh Nagar, Delhi","₹ 33,000",https://www.olx.in/item/for-rent-houses-apartments-c1723-2-bhk-builder-floors-900-sq-ft-in-ramesh-nagar-delhi-iid-1799478078,https://apollo.olx.in:443/v1/files/y3lboyyhz6mj3-IN/image;s=150x0;q=50;f=webp;,2 BHK - 2 Bathroom - 900 sqft
Clean rooms available for Rent,"Nihal Vihar, Delhi","₹ 7,000",https://www.olx.in/item/for-rent-houses-apartments-c1723-1-bhk-apartments-50-sq-ft-in-nihal-vihar-delhi-iid-1820139776,https://apollo.olx.in:443/v1/files/3k1ajr0hh5jh1-IN/image;s=150x0;q=50;f=webp;,1 BHK - 1 Bathroom - 50 sqft
II DHRUV GOHRI II 1BHK FULLY FURNISHED 2ND FLOOR READY TO MOVE,"Ramesh Nagar, Delhi","₹ 21,000",https://www.olx.in/item/for-rent-houses-apartments-c1723-1-bhk-builder-floors-550-sq-ft-in-ramesh-nagar-delhi-iid-1793956773,https://apollo.olx.in:443/v1/files/naj5axio3qff2-IN/image;s=150x0;q=50;f=webp;,1 BHK - 1 Bathroom - 550 sqft
II DG REAL ESTATE II 2BHK 2ND FLOOR  READY TO MOVE RAMESH NAGAR,"Ramesh Nagar, Delhi","₹ 26,000",https://www.olx.in/item/for-rent-houses-apartments-c1723-2-bhk-builder-floors-900-sq-ft-in-ramesh-nagar-delhi-iid-1790004954,https://apollo.olx.in:443/v1/files/msenonpcv30a-IN/image;s=150x0;q=50;f=webp;,2 BHK - 2 Bathroom - 900 sqft
II DG REAL ESTATE II 2BHK BRAND NEW LIFT & PARKING NEAR BY METRO,"Ramesh Nagar, Delhi","₹ 32,000",https://www.olx.in/item/for-rent-houses-apartments-c1723-2-bhk-builder-floors-900-sq-ft-in-ramesh-nagar-delhi-iid-1785992034,https://apollo.olx.in:443/v1/files/s0t0j84pj4fu1-IN/image;s=150x0;q=50;f=webp;,2 BHK - 2 Bathroom - 900 sqft
II DG REAL ESTATE II 3BHK INDEPENDENT FLOOR NEWLY RENOVATED 2ND FLOOR,"Ramesh Nagar, Delhi","₹ 45,000",https://www.olx.in/item/for-rent-houses-apartments-c1723-4-bhk-builder-floors-2000-sq-ft-in-ramesh-nagar-delhi-iid-1782030449,https://apollo.olx.in:443/v1/files/ku385xsnxcy21-IN/image;s=150x0;q=50;f=webp;,4 BHK - 4 Bathroom - 2000 sqft
2BHK II 3BHK II 4BHK Independent Floors Available For Rent,"Ramesh Nagar, Delhi","₹ 24,000",https://www.olx.in/item/for-rent-houses-apartments-c1723-2-bhk-builder-floors-900-sq-ft-in-ramesh-nagar-delhi-iid-1779592050,https://apollo.olx.in:443/v1/files/3ap56g707d36-IN/image;s=150x0;q=50;f=webp;,2 BHK - 2 Bathroom - 900 sqft
II DHRUV GOHRI II 2BHK 2ND FLOOR READY TO MOVE UNFURNISHED,"Ramesh Nagar, Delhi","₹ 22,000",https://www.olx.in/item/for-rent-houses-apartments-c1723-2-bhk-builder-floors-900-sq-ft-in-ramesh-nagar-delhi-iid-1799385211,https://apollo.olx.in:443/v1/files/57rudu50qg641-ADVIN/image;s=150x0;q=50;f=webp;,2 BHK - 2 Bathroom - 900 sqft
II DHRUV GOHRI II 2BHK SEMI FURNISHED 3RD FLOOR,"Ramesh Nagar, Delhi","₹ 23,000",https://www.olx.in/item/for-rent-houses-apartments-c1723-2-bhk-builder-floors-900-sq-ft-in-ramesh-nagar-delhi-iid-1798545454,https://apollo.olx.in:443/v1/files/04azy2ylh7m42-IN/image;s=150x0;q=50;f=webp;,2 BHK - 2 Bathroom - 900 sqft
II DG REAL ESTATE II 2BHK 2ND FLOOR FURNISHED READY TO MOVE,"Ramesh Nagar, Delhi","₹ 29,000",https://www.olx.in/item/for-rent-houses-apartments-c1723-2-bhk-builder-floors-900-sq-ft-in-ramesh-nagar-delhi-iid-1795200231,https://apollo.olx.in:443/v1/files/5gspxko6k9x72-IN/image;s=150x0;q=50;f=webp;,2 BHK - 2 Bathroom - 900 sqft
II DG REAL ESTATE II 1BHK FULLY FURNISHED NEAR BY METRO & MARKET,"Ramesh Nagar, Delhi","₹ 18,000",https://www.olx.in/item/for-rent-houses-apartments-c1723-1-bhk-builder-floors-550-sq-ft-in-ramesh-nagar-delhi-iid-1794542153,https://apollo.olx.in:443/v1/files/gx33y77rzx521-IN/image;s=150x0;q=50;f=webp;,1 BHK - 1 Bathroom - 550 sqft
2 BHK WITHOUT LANDLORD NEAR METRO STATION FIRST FLOOR READY TO MOVE,"Ramesh Nagar, Delhi","₹ 25,000",https://www.olx.in/item/for-rent-houses-apartments-c1723-2-bhk-builder-floors-900-sq-ft-in-ramesh-nagar-delhi-iid-1818385097,https://apollo.olx.in:443/v1/files/hwppjj9uwmdn3-IN/image;s=150x0;q=50;f=webp;,2 BHK - 2 Bathroom - 900 sqft
kp properties  3bhk unfurnished 50k only,"Ramesh Nagar, Delhi","₹ 50,000",https://www.olx.in/item/for-rent-houses-apartments-c1723-3-bhk-builder-floors-1500-sq-ft-in-ramesh-nagar-delhi-iid-1761240210,https://apollo.olx.in:443/v1/files/w24um2iah6wb3-IN/image;s=150x0;q=50;f=webp;,3 BHK - 3 Bathroom - 1500 sqft
2bhk for rent in ramesh nagar in good location,"Ramesh Nagar, Delhi","₹ 34,000",https://www.olx.in/item/for-rent-houses-apartments-c1723-2-bhk-builder-floors-1000-sq-ft-in-ramesh-nagar-delhi-iid-1812700435,https://apollo.olx.in:443/v1/files/2srxxslvoyt71-IN/image;s=150x0;q=50;f=webp;,2 BHK - 2 Bathroom - 1000 sqft
2bhk for rent in ramesh nagar in prime location,"Ramesh Nagar, Delhi","₹ 27,000",https://www.olx.in/item/for-rent-houses-apartments-c1723-2-bhk-builder-floors-1000-sq-ft-in-ramesh-nagar-delhi-iid-1816073912,https://apollo.olx.in:443/v1/files/phe2wdodq5si1-IN/image;s=150x0;q=50;f=webp;,2 BHK - 2 Bathroom - 1000 sqft
2 BHK independent floor available for rent in rohini,"Rohini Sector 4, Delhi","₹ 15,500",https://www.olx.in/item/for-rent-houses-apartments-c1723-2-bhk-houses-villas-688-sq-ft-in-rohini-sector-4-delhi-iid-1820368763,https://apollo.olx.in:443/v1/files/zrra50u99yut1-IN/image;s=150x0;q=50;f=webp;,2 BHK - 2 Bathroom - 688 sqft
II DHRUV GOHRI II 2BHK FULLY FURNISHED SPACIOUS 3RD FLOOR NEAR MARKET,"Rajouri Garden, Delhi","₹ 36,000",https://www.olx.in/item/for-rent-houses-apartments-c1723-2-bhk-builder-floors-900-sq-ft-in-rajouri-garden-delhi-iid-1811157441,https://apollo.olx.in:443/v1/files/0x3zeq5ose5j1-IN/image;s=150x0;q=50;f=webp;,2 BHK - 2 Bathroom - 900 sqft
II DHRUV GOHRI II 2BHK LIFT & PARKING READY TO MOVE PRIME LOCATION,"Ramesh Nagar, Delhi","₹ 1,25,00,000",https://www.olx.in/item/for-rent-houses-apartments-c1723-2-bhk-builder-floors-900-sq-ft-in-ramesh-nagar-delhi-iid-1799103600,https://apollo.olx.in:443/v1/files/nvxy67jrh4au2-ADVIN/image;s=150x0;q=50;f=webp;,2 BHK - 2 Bathroom - 900 sqft
KP PROPERTIES  3bhk for rent in prime location,"Bali Nagar, Delhi","₹ 55,000",https://www.olx.in/item/for-rent-houses-apartments-c1723-3-bhk-builder-floors-1500-sq-ft-in-bali-nagar-delhi-iid-1740790637,https://apollo.olx.in:443/v1/files/tf0xh8ptubux2-IN/image;s=150x0;q=50;f=webp;,3 BHK - 3 Bathroom - 1500 sqft
2 BHK THIRD FLOOR FULLY FURNISHED READY TO MOVE WITHOUT LANDLORD,"Ramesh Nagar, Delhi","₹ 25,999",https://www.olx.in/item/for-rent-houses-apartments-c1723-2-bhk-builder-floors-500-sq-ft-in-ramesh-nagar-delhi-iid-1818379360,https://apollo.olx.in:443/v1/files/tucdpjjn8hx13-IN/image;s=150x0;q=50;f=webp;,2 BHK - 2 Bathroom - 500 sqft
II DHRUV GOHRI II 1BHK OWNER FREE GROUND FLOOR FOR RENT,"Ramesh Nagar, Delhi","₹ 22,000",https://www.olx.in/item/for-rent-houses-apartments-c1723-1-bhk-builder-floors-350-sq-ft-in-ramesh-nagar-delhi-iid-1814846483,https://apollo.olx.in:443/v1/files/rhj0oj2zqhxh2-IN/image;s=150x0;q=50;f=webp;,1 BHK - 1 Bathroom - 350 sqft
II DHRUV GOHRI II OWNER FREE 2BHK LIFT& PARKING UPP. 2ND FLOOR,"Ramesh Nagar, Delhi","₹ 35,000",https://www.olx.in/item/for-rent-houses-apartments-c1723-2-bhk-builder-floors-900-sq-ft-in-ramesh-nagar-delhi-iid-1814841896,https://apollo.olx.in:443/v1/files/5zrbb2olu8uk2-IN/image;s=150x0;q=50;f=webp;,
II DHRUV GOHRI II 2BHK LIFT PARKING FURNISHED 30K UNFURNISHED 22k,"Ramesh Nagar, Delhi","₹ 30,000",https://www.olx.in/item/for-rent-houses-apartments-c1723-2-bhk-builder-floors-900-sq-ft-in-ramesh-nagar-delhi-iid-1814841645,https://apollo.olx.in:443/v1/files/ssd0zxkjvwaf2-IN/image;s=150x0;q=50;f=webp;,2 BHK - 2 Bathroom - 900 sqft
II DHRUV GOHRI II 2BHK 2ND FLOOR PARK FACING FURNISHED 30K,"Ramesh Nagar, Delhi","₹ 30,000",https://www.olx.in/item/for-rent-houses-apartments-c1723-2-bhk-builder-floors-900-sq-ft-in-ramesh-nagar-delhi-iid-1814841412,https://apollo.olx.in:443/v1/files/gh2g3w3pw4ru-IN/image;s=150x0;q=50;f=webp;,2 BHK - 2 Bathroom - 900 sqft
II DG REAL ESTATE II 2BHK SEMI FURNISHED 2ND FLOOR READY TO MOVE,"Ramesh Nagar, Delhi","₹ 32,000",https://www.olx.in/item/for-rent-houses-apartments-c1723-2-bhk-independent-builder-floors-900-sq-ft-in-ramesh-nagar-delhi-iid-1819979507,https://apollo.olx.in:443/v1/files/lijsbdzzyr2e2-IN/image;s=150x0;q=50;f=webp;,2 BHK - 2 Bathroom - 900 sqft
II DG REAL ESTATE II 2BHK SEMI FURNISHED LIFT PARKING,"Ramesh Nagar, Delhi","₹ 40,000",https://www.olx.in/item/for-rent-houses-apartments-c1723-2-bhk-builder-floors-900-sq-ft-in-ramesh-nagar-delhi-iid-1819977253,https://apollo.olx.in:443/v1/files/mmnsqdcwgnqo2-IN/image;s=150x0;q=50;f=webp;,2 BHK - 2 Bathroom - 900 sqft
kp properties  2bhk for rent in prime location,"Ramesh Nagar, Delhi","₹ 30,000",https://www.olx.in/item/for-rent-houses-apartments-c1723-2-bhk-builder-floors-1000-sq-ft-in-ramesh-nagar-delhi-iid-1796038014,https://apollo.olx.in:443/v1/files/c5sjv1ikwv821-IN/image;s=150x0;q=50;f=webp;,2 BHK - 2 Bathroom - 1000 sqft
kp properties  2bhk for rent in prime location,"Ramesh Nagar, Delhi","₹ 25,000",https://www.olx.in/item/for-rent-houses-apartments-c1723-2-bhk-builder-floors-1000-sq-ft-in-ramesh-nagar-delhi-iid-1795745771,https://apollo.olx.in:443/v1/files/w3u4x8wp2xa51-IN/image;s=150x0;q=50;f=webp;,2 BHK - 2 Bathroom - 1000 sqft
"kp properties  1bhk for rent in prime location  , good gentry","Ramesh Nagar, Delhi","₹ 24,999",https://www.olx.in/item/for-rent-houses-apartments-c1723-1-bhk-builder-floors-450-sq-ft-in-ramesh-nagar-delhi-iid-1795744364,https://apollo.olx.in:443/v1/files/tmnu8ev761jp3-IN/image;s=150x0;q=50;f=webp;,1 BHK - 1 Bathroom - 450 sqft
kp properties  2bhk for rent in prime location,"Ramesh Nagar, Delhi","₹ 40,000",https://www.olx.in/item/for-rent-houses-apartments-c1723-2-bhk-builder-floors-1000-sq-ft-in-ramesh-nagar-delhi-iid-1795740508,https://apollo.olx.in:443/v1/files/e93f65q4lqcx2-IN/image;s=150x0;q=50;f=webp;,2 BHK - 2 Bathroom - 1000 sqft
kp properties  2bhk for rent,"Subhash Nagar, Delhi","₹ 40,000",https://www.olx.in/item/for-rent-houses-apartments-c1723-2-bhk-builder-floors-1000-sq-ft-in-subhash-nagar-delhi-iid-1795580955,https://apollo.olx.in:443/v1/files/b9fcao1c0mco3-IN/image;s=150x0;q=50;f=webp;,2 BHK - 2 Bathroom - 1000 sqft
Room for rent,"Nithari, Delhi","₹ 6,500",https://www.olx.in/item/for-rent-houses-apartments-c1723-2-bhk-builder-floors-63-sq-ft-in-nithari-delhi-iid-1820645646,https://apollo.olx.in:443/v1/files/cl92cx0735ws1-IN/image;s=150x0;q=50;f=webp;,2 BHK - 1 Bathroom - 63 sqft
II DHRUV GOHRI REAL ESTATE II 1BHK FURNISHED LIFT & PARKING,"Ramesh Nagar, Delhi","₹ 20,000",https://www.olx.in/item/for-rent-houses-apartments-c1723-1-bhk-builder-floors-450-sq-ft-in-ramesh-nagar-delhi-iid-1798544284,https://apollo.olx.in:443/v1/files/r98kqx0mhncy2-IN/image;s=150x0;q=50;f=webp;,1 BHK - 1 Bathroom - 450 sqft
4bhk for rent in prime location,"Subhash Nagar, Delhi","₹ 55,000",https://www.olx.in/item/for-rent-houses-apartments-c1723-4-bhk-builder-floors-2000-sq-ft-in-subhash-nagar-delhi-iid-1793402706,https://apollo.olx.in:443/v1/files/tecdnjdylxmq3-IN/image;s=150x0;q=50;f=webp;,4 BHK - 4 Bathroom - 2000 sqft
kp properties  2Bhk Fully Furnished near ramesh nagar metro,"Ramesh Nagar, Delhi","₹ 28,000",https://www.olx.in/item/for-rent-houses-apartments-c1723-2-bhk-builder-floors-1000-sq-ft-in-ramesh-nagar-delhi-iid-1764573940,https://apollo.olx.in:443/v1/files/nflnyojz048b-IN/image;s=150x0;q=50;f=webp;,2 BHK - 2 Bathroom - 1000 sqft
kp properties  Brand new 2bhk near ramesh nagar metro 28k only,"Ramesh Nagar, Delhi","₹ 30,000",https://www.olx.in/item/for-rent-houses-apartments-c1723-2-bhk-builder-floors-1000-sq-ft-in-ramesh-nagar-delhi-iid-1761423413,https://apollo.olx.in:443/v1/files/bvlcldw3zy26-IN/image;s=150x0;q=50;f=webp;,2 BHK - 2 Bathroom - 1000 sqft
kp properties  2bhk fully furnished near metro station,"Ramesh Nagar, Delhi","₹ 30,000",https://www.olx.in/item/for-rent-houses-apartments-c1723-2-bhk-builder-floors-1000-sq-ft-in-ramesh-nagar-delhi-iid-1760858251,https://apollo.olx.in:443/v1/files/nsr4fcodti9s3-IN/image;s=150x0;q=50;f=webp;,2 BHK - 2 Bathroom - 1000 sqft
kp properties  Fully furnished 1rk only 18k,"Ramesh Nagar, Delhi","₹ 18,000",https://www.olx.in/item/for-rent-houses-apartments-c1723-1-bhk-builder-floors-500-sq-ft-in-ramesh-nagar-delhi-iid-1760857134,https://apollo.olx.in:443/v1/files/65nkbew2e5xq-IN/image;s=150x0;q=50;f=webp;,1 BHK - 1 Bathroom - 500 sqft
II DG REAL ESTATE II 1BHK SEMI FURNISHED ALL FLOORS AVAILABLE,"Ramesh Nagar, Delhi","₹ 18,500",https://www.olx.in/item/for-rent-houses-apartments-c1723-1-bhk-builder-floors-380-sq-ft-in-ramesh-nagar-delhi-iid-1799477470,https://apollo.olx.in:443/v1/files/bfulu40knc1t2-ADVIN/image;s=150x0;q=50;f=webp;,1 BHK - 1 Bathroom - 380 sqft
II DHRUV GOHRI REAL ESTATE II 2BHK GROUND FLOOR 2 SIDE OPEN  25K RENT,"Raja Garden, Delhi","₹ 25,000",https://www.olx.in/item/for-rent-houses-apartments-c1723-2-bhk-builder-floors-900-sq-ft-in-raja-garden-delhi-iid-1799068904,https://apollo.olx.in:443/v1/files/hs5gh0sbupuc3-ADVIN/image;s=150x0;q=50;f=webp;,2 BHK - 2 Bathroom - 900 sqft
DHRUV GOHRI // 2BHK NEWLY RENOVATED 1ST FLOOR NEAR METRO,"Ramesh Nagar, Delhi","₹ 30,000",https://www.olx.in/item/for-rent-houses-apartments-c1723-2-bhk-builder-floors-900-sq-ft-in-ramesh-nagar-delhi-iid-1790050867,https://apollo.olx.in:443/v1/files/da5oc8zcf3c03-IN/image;s=150x0;q=50;f=webp;,2 BHK - 2 Bathroom - 900 sqft
II DG REAL ESTATE II 2BHK OWNER FREE PARK FACING FURNISHED,"Ramesh Nagar, Delhi","₹ 32,000",https://www.olx.in/item/for-rent-houses-apartments-c1723-2-bhk-builder-floors-900-sq-ft-in-ramesh-nagar-delhi-iid-1818783444,https://apollo.olx.in:443/v1/files/q3ldsvq0o2jg1-IN/image;s=150x0;q=50;f=webp;,2 BHK - 2 Bathroom - 900 sqft
II GOHRI PROPERTIES II 1BHK  FLOOR SEMI FURNISHED 21K FURNISHED 25K,"Ramesh Nagar, Delhi","₹ 21,000",https://www.olx.in/item/for-rent-houses-apartments-c1723-1-bhk-builder-floors-500-sq-ft-in-ramesh-nagar-delhi-iid-1819847487,https://apollo.olx.in:443/v1/files/hdp684a0kqst1-IN/image;s=150x0;q=50;f=webp;,1 BHK - 1 Bathroom - 500 sqft
